{"frames": {

"loadcharacter":
{
	"frame": {"x":2,"y":2,"w":300,"h":80},
	"rotated": false,
	"trimmed": false,
	"spriteSourceSize": {"x":0,"y":0,"w":300,"h":80},
	"sourceSize": {"w":300,"h":80},
	"pivot": {"x":0.5,"y":0.5}
},
"student":
{
	"frame": {"x":2,"y":84,"w":299,"h":80},
	"rotated": false,
	"trimmed": false,
	"spriteSourceSize": {"x":0,"y":0,"w":299,"h":80},
	"sourceSize": {"w":299,"h":80},
	"pivot": {"x":0.5,"y":0.5}
},
"offline":
{
	"frame": {"x":2,"y":166,"w":299,"h":80},
	"rotated": false,
	"trimmed": false,
	"spriteSourceSize": {"x":0,"y":0,"w":299,"h":80},
	"sourceSize": {"w":299,"h":80},
	"pivot": {"x":0.5,"y":0.5}
}},
"meta": {
	"app": "http://www.codeandweb.com/texturepacker",
	"version": "1.0",
	"image": "general-login.png",
	"format": "RGBA8888",
	"size": {"w":304,"h":248},
	"scale": "1",
	"smartupdate": "$TexturePacker:SmartUpdate:d9a4b25ba947f832d2d54c1b78e315b7:13fdbff1298ebe22cbd839737c241a48:ffb62af756263e4644c882ff552ab6d3$"
}
}
